whatever68,https://s1.nexuscast.com/tunein/punkradi.pls
Southern Xsposure Radio,http://192.99.4.210:3274/listen.pls
PARTY VIBE RADIO,http://www.partyviberadio.com:8016/listen.pls
PUNK IRRATIA,https://punkirratia.net:8443/punk
fast cast 4u,http://192.99.17.12:5230/listen.pls
andys 80s,http://209.9.238.4:9844
REAL PUNK RADIO,http://149.56.155.73:8080/listen.pls
Guerrilla Radio,http://s2.stationplaylist.com:9460/guerrilla
punk4punk,http://184.154.43.106:8072/listen.pls
STENCHRADIO.COM,http://184.154.145.114:8032/
big noise,http://bignoise.club:8000/nonstop
punk rock demonstration,http://199.87.239.197:8000/listen.pls
destination caribbean fm,http://us5.internet-radio.com:8049/live
80s forever,http://51.75.147.168:8050/listen.pls
irish pub radio,https://solid24.streamupsolutions.com:2199/tunein/vbkiacud.pls
One West Radio,http://107.173.24.105:8030/radio.mp3
Revolution Radio Studio B,http://198.178.123.5:8186
Revolution Radio Studio A,http://198.178.123.2:8054
fat boy radio,http://149.56.157.81:5024
U7Radio,http://stream2.u7radio.org:8000
hard rock hell radio,https://andromeda.shoutca.st/tunein/tbfmonli.pls
Alabama's Finest Radio,https://listen.openstream.co/6271.pls
Bobs SKA Radio,http://51.255.235.165:5528
Rockabilly Rebel Radio,http://stream.zeno.fm/y7tnta2hewzuv.pls
tonic ska radio,https://eu4.fastcast4u.com:2199/tunein/tonicska.pls
happy,http://stream.lolliradio.net:80/lolli_happy.mp3
Hip Hop Rapture,http://45.79.6.42:2410/listen.pls
Hip Hop (Hot 97 NYC),http://playerservices.streamtheworld.com/pls/WQHTAAC.pls
Alternative (BAGeL Radio - SomaFM),http://somafm.com/bagel.pls
test,https://raw.githubusercontent.com/clintmcmahon/radio-playlist/main/radio.pls
