JAPAN: Japan-A-Radio,http://audio.misproductions.com/japan128k
JAPAN: J-PopProject Radio,http://streaming.radionomy.com/J-PopProjectRadio
JAPAN: MJHR  Radio,http://streaming207.radionomy.com:80/MJHRRadio
JAPAN: Loli-Pop Radio,http://streaming207.radionomy.com:80/Loli-Pop-Station
JAPAN: JPopsuki-Radio,http://jpopsuki.fm:8000/stream
JAPAN: RadioVocaloid,http://streaming64.radionomy.com/RadioVocaloid
JAPAN: FredFilmRadio,http://s4.webradio-hosting.com:2199/tunein/fredradiojp.pls
JAPAN: AnimeAMAZE,http://apple.neostreams.info:10007/
JAPAN: Ghost Anime,http://animeradio.su:8000/
JAPAN: 91.8 the Fan,http://198.100.144.46:80/stream/1/
JAPAN: AnimeAmaze,http://apple.neostreams.info:10007/
JAPAN: Anime Classics Radio,http://albireo.shoutca.st/tunein/jtingb05.pls
JAPAN: Anime Classics 2,http://albireo.shoutca.st/tunein/jtingb04.pls
JAPAN: Extreme Anime Radio,http://knr128.keiichi.net/
JAPAN: Armitage's Dimension,http://armitunes.com:8000/
JAPAN: Big B Radio,http://184.95.47.178:9112
JAPAN: JapanRadio.ru,http://japanradio.ru:8000/play
JAPAN: JPop,http://61.78.39.187:8000
JAPAN: AnimeNexus,http://209.126.101.188:8000/listen.pls
JAPAN: 70s-90s J-pop Stream,http://198.178.123.14:7002
JAPAN: Anime-stereo,http://listen.radionomy.com/anime-stereo.m3u
JAPAN: RADIO HAYAMA,http://server10.reliastream.com:2199/tunein/radiohayama.pls
JAPAN: Radio Anime Obsesion,http://radio.anime-obsesion.com:8902/animeobsesion
JAPAN: AnimeNfo Radio,http://itori.animenfo.com:443/
LISTEN2ME: KCRW Music,http://kcrw.ic.llnwd.net/stream/kcrw_music
LISTEN2ME: KCRW Live,http://kcrw.ic.llnwd.net/stream/kcrw_live
LISTEN2ME: Dinner Jazz Excursion,http://sc01.warpradio.com:8240/
LISTEN2ME: KSDS Jazz,http://listen.jazz88.org/ksds.mp3
LISTEN2ME: 4Clubbers,http://87.98.163.6:8200/
LISTEN2ME: RadioSkyMusic,http://streaming.radionomy.com/Mistura-Fina-Instrumental
LISTEN2ME: coolradio jazz,http://4broadcast.de:8000/coolradio-jazz-128s.mp3
LISTEN2ME: Jazz 24,http://icy1.abacast.com:80/kplu-jazz24aac-64
LISTEN2ME: JazzClub,http://streaming208.radionomy.com/JAZZCLUB?group=825&countrycode=US&similarprocess=0&crashed=0
LISTEN2ME: Only Jazz,http://listen.radionomy.com/onlyjazz
LISTEN2ME: Flamenco Beat Radio,http://216.19.176.225:26000
LISTEN2ME: Radio Sevillanas,http://94.75.209.28:8192/
LISTEN2ME: Radio Contepomi,http://radio.contepomi.net:9991
LISTEN2ME: Radio Paradise,http://stream-uk1.radioparadise.com:80/mp3-128
LISTEN2ME: NRK Jazz,http://lyd.nrk.no:80/nrk_radio_jazz_mp3_h
LISTEN2ME: ABC Jazz,http://listen.radionomy.com/abc-jazz
LISTEN2ME: RadioSky,http://listen.radionomy.com/RadioSky-Music
LISTEN2ME: Adore Jazz,http://205.164.35.21:80
LISTEN2ME: Air Jazz,http://listen.radionomy.com/air-jazz
LISTEN2ME: Beejazz,http://listen.radionomy.com/beejazz
LISTEN2ME: KUAZ News and Jazz,http://streaming.azpm.org/kuaz192.mp3
LISTEN2ME: WWNO-3 New Orleans,http://nyc01.egihosting.com:18840/listen.pls
LISTEN2ME: WDNA 88.9FM,http://war.str3am.com:7990/
LISTEN2ME: Chillout,http://mp3channels.webradio.antenne.de/chillout
LISTEN2ME: Swiss Internet Radio,http://82.197.167.140:80
LISTEN2ME: Play Misty for Me,http://listen.radionomy.com/Play-Misty-for-Me
LISTEN2ME: BBC World Service,http://bbcwssc.ic.llnwd.net/stream/bbcwssc_mp1_ws-eieuk
LISTEN2ME: WUSF,http://131.247.45.225:8128
LISTEN2ME: WGBH,http://audio.wgbh.org:8000
LISTEN2ME: BCC Radio 1,http://bbcmedia.ic.llnwd.net/stream/bbcmedia_intl_lc_radio1_p?s=1333576253&e=1333590653&h=4c89293cdc8fa59cf2a8a4b913d59976
LISTEN2ME: BBC Radio 2,http://bbcmedia.ic.llnwd.net/stream/bbcmedia_intl_lc_radio2_p?s=1333576277&e=1333590677&h=f7a08eae8e7f81dbac9d6f9e15a260b0
LISTEN2ME: BBC Radio 3,http://bbcmedia.ic.llnwd.net/stream/bbcmedia_intl_lc_radio3_p?s=1333576282&e=1333590682&h=59cd60661725bca59c3e8fc46e918bc2
LISTEN2ME: BBC 6Music,http://bbcmedia.ic.llnwd.net/stream/bbcmedia_intl_lc_6music_p?s=1333576314&e=1333590714&h=c606d3eaf128c0abbe72341973c7e60d
LISTEN2ME: BBC 1Xtra,http://bbcmedia.ic.llnwd.net/stream/bbcmedia_intl_lc_1xtra_p?s=1333576331&e=1333590731&h=6b7675ec61a7357aeec4a068f94e8178
LISTEN2ME: BBC 5Live,http://bbcmedia.ic.llnwd.net/stream/bbcmedia_intl_lc_5live_p?s=1333576360&e=1333590760&h=5277712416bedff9841efd2c3329d669
Digitally Imported: Chillout,http://listen.di.fm/public3/chillout.pls
Digitally Imported: Chillout Dreams,http://listen.di.fm/public3/chilloutdreams.pls
Digitally Imported: Soulful House,http://listen.di.fm/public3/soulfulhouse.pls
Digitally Imported: Funky House,http://listen.di.fm/public3/funkyhouse.pls
Digitally Imported: Progressive,http://listen.di.fm/public3/progressive.pls
Digitally Imported: Lounge,http://listen.di.fm/public3/lounge.pls
Digitally Imported: PsyChill,http://listen.di.fm/public3/psychill.pls
Electronic Culture,http://www.shouted.fm/tunein/electro-dsl.m3u
Frequence 3 (Pop),http://ice.stream.frequence3.net/frequence3-128.mp3
Ragga Kings,http://www.raggakings.net/listen.m3u
SKY.FM: Mostly Classical,http://www.sky.fm/mp3/classical.pls
SKY.FM: Jazz,http://www.sky.fm/mp3/jazz.pls
SKY.FM: Smooth Jazz,http://www.sky.fm/mp3/smoothjazz.pls
SKY.FM: Uptempo Smooth Jazz,http://www.sky.fm/mp3/uptemposmoothjazz.pls
SKY.FM: Best of the 80s,http://www.sky.fm/mp3/the80s.pls
SKY.FM: Salsa,http://www.sky.fm/mp3/salsa.pls
SKY.FM: Simply Soundtracks,http://www.sky.fm/mp3/soundtracks.pls
SKY.FM: Classic Rap,http://www.sky.fm/mp3/classicrap.pls
Slay Radio (C64 Remix),http://www.slayradio.org/tune_in.php/128kbps/listen.m3u
SomaFM: Groove Salad (Chillout),http://somafm.com/startstream=groovesalad.pls
SomaFM: Beat Blender (House),http://somafm.com/startstream=beatblender.pls
SomaFM: Cliq Hop,http://somafm.com/startstream=cliqhop.pls
SomaFM: Sonic Universe (Jazz),http://somafm.com/startstream=sonicuniverse.pls
SomaFM: Tags Trance Trip (Progressive),http://somafm.com/tagstrance.pls
SomaFM: Illinois Street Lounge (Lounge),http://somafm.com/illstreet.pls
SomaFM: Secret Agent (Downtempo),http://somafm.com/secretagent.pls
SomaFM: Covers,http://somafm.com/covers.pls
SomaFM: Digitalis (Rock),http://somafm.com/digitalis.pls
SomaFM: PopTron! (Pop),http://somafm.com/poptron.pls
UrbaN_181fM: Jammin 181,http://relay.181.fm:8042
UrbaN_181fM: Old School HipHop,http://relay.181.fm:8068
UrbaN_181fM: The Beat,http://relay.181.fm:8054
UrbaN_181fM: The Box,http://relay.181.fm:8024
UrbaN_181fM: Trinity,http://icyrelay.181.fm/181-trinityhiphop_128k.mp3
UrbaN_181fM: True R&B,http://relay.181.fm:8022
TechnO_181fM: Chilled Out,http://relay.181.fm:8700
TechnO_181fM: Energy 93,http://relay.181.fm:8044
TechnO_181fM: Energy 98,http://relay.181.fm:8800
TechnO_181fM: Studio 181,http://relay.181.fm:8072
TechnO_181fM: Techno Club,http://icyrelay.181.fm/181-technoclub_128k.mp3
TechnO_181fM: The Vibe of Vegas,http://relay.181.fm:8074
RocK_181fM: 80's Hairband,http://relay.181.fm:8014
RocK_181fM: Chloe,http://relay.181.fm:8100
RocK_181fM: Classic Buzz,http://relay.181.fm:8038
RocK_181fM: Punk,http://65.60.25.26:80
RocK_181fM: Rock 181,http://relay.181.fm:8008
RocK_181fM: Rock 40,http://relay.181.fm:8028
RocK_181fM: The Buzz,http://relay.181.fm:8126
RocK_181fM: The Eagle,http://relay.181.fm:8030
RocK_181fM: The Rock,http://relay.181.fm:8064
PoP_181fM: Party 181,http://relay.181.fm:8036
PoP_181fM: Power 181,http://relay.181.fm:8128
PoP_181fM: Smooth AC,http://relay.181.fm:8094
PoP_181fM: The Heart,http://relay.181.fm:8006
PoP_181fM: The Mix,http://relay.181.fm:8032
PoP_181fM: The Office,http://relay.181.fm:8002
PoP_181fM: The Point,http://relay.181.fm:8010
PoP_181fM: UK Top 40,http://relay.181.fm:8070
OldieS_181fM: Beatles,http://relay.181.fm:8062
OldieS_181fM: Classic Hits,http://relay.181.fm:8132
OldieS_181fM: Good Time Oldies,http://relay.181.fm:8046
OldieS_181fM: Mellow Gold,http://relay.181.fm:8060
OldieS_181fM: Soul,http://relay.181.fm:8058
OldieS_181fM: Super 70s,http://relay.181.fm:8066
LatiN_181fM: Reggae Roots,http://relay.181.fm:8096
LatiN_181fM: Salsa,http://relay.181.fm:8098
EasY_181fM: Acid Jazz,http://icyrelay.181.fm/181-acidjazz_128k.mp3
EasY_181fM: Bebop,http://icyrelay.181.fm/181-bebop_128k.mp3
EasY_181fM: Classical Guitar,http://icyrelay.181.fm/181-classicalguitar_128k.mp3
EasY_181fM: Classical Jazz,http://icyrelay.181.fm/181-classicaljazz_128k.mp3
EasY_181fM: Classical Music,http://icyrelay.181.fm/181-classical_128k.mp3
EasY_181fM: Fusion Jazz,http://icyrelay.181.fm/181-fusionjazz_128k.mp3
EasY_181fM: Sensual World,http://icyrelay.181.fm/181-sensual_128k.mp3
EasY_181fM: The Breeze,http://relay.181.fm:8004
EasY_181fM: Trance Jazz,http://icyrelay.181.fm/181-trancejazz_128k.mp3
EasY_181fM: True Blues,http://icyrelay.181.fm/181-blues_128k.mp3
EasY_181fM: Vocal Jazz,http://icyrelay.181.fm/181-vocals_128k.mp3
CountrY_181fM: Front Porch,http://relay.181.fm:8016
CountrY_181fM: Highway 181,http://relay.181.fm:8018
CountrY_181fM: Kickin' Country,http://relay.181.fm:8130
CountrY_181fM: Real Country,http://relay.181.fm:8034
CountrY_181fM: US 181,http://relay.181.fm:8056
ComedY_181fM: Comedy Club,http://relay.181.fm:8026
NinetY_181fM: 90's Alternative,http://relay.181.fm:8052
NinetY_181fM: 90's Country,http://relay.181.fm:8050
NinetY_181fM: 90's Dance,http://relay.181.fm:8140
NinetY_181fM: Lite 90's,http://relay.181.fm:8048
NinetY_181fM: Star 90's,http://relay.181.fm:8012
EightY_181fM: 80's Country,http://relay.181.fm:8134
EightY_181fM: Awesome 80's,http://relay.181.fm:8000
EightY_181fM: Lite 80's,http://relay.181.fm:8040
BlueS: 12 Bar,http://listen.radionomy.com:80/12Bar
BlueS: A Better Classic Blues Vintage Station,http://streaming.radionomy.com/A-Better-Classic-Blues-Vintage-Station
BlueS: A Blues Dream,http://streaming.radionomy.com/ABLUESDREAM-Classic-NewBlues24H
BlueS: Aardvark Blues FM,http://74.208.45.146:8639/stream
BlueS: AcousticFM,http://listen.radionomy.com/Acoustic-FM
BlueS: Best Blues I Know,http://streaming.radionomy.com/BestBluesIKnow
BlueS: Blues Radio,http://185.33.22.13:8030
BlueS: Cocktelera Blues,http://streaming.radionomy.com/Cocktelera-Blues
BlueS: Con Alma de Blues,http://listen.radionomy.com/Con-Alma-de-Blues
BlueS: Funky Blues,http://streaming.radionomy.com/FunkyBlues
BollywooD: bollywood radio & beyond,http://96.31.83.86:8084
BollywooD: Bombay Beats India Radio,http://205.164.62.15:8017/
BollywooD: Desi Music Mix,http://desimusicmix.com:8000/HQ
BollywooD: Hungama-Bollywood-Hits,http://123.176.41.8:8056
BollywooD: Hungama-Bollywood-Retro,http://123.176.41.8:8132
BollywooD: Indo-Caribbean Radio,http://208.43.9.96:8652
BollywooD: Radio Afsana,http://174.36.206.197:8198/
BollywooD: Radio Dhinchak,http://167.114.131.90:5404/stream
BollywooD: Sur Station,http://streaming208.radionomy.com:80/SurStation-HindiMelodiousSongs
BollywooD: Taal FM Radio,http://streaming207.radionomy.com:80/TaalFMRadio
ClassicaL: 1000 Classical Hits,http://streaming.radionomy.com/1000ClassicalHits
ClassicaL: A Better Classical Station,http://streaming.radionomy.com/A-Better-Classical-Station
ClassicaL: AMADEUS-FRIENDS Classical Radio,http://streaming.radionomy.com/AMADEUS-FRIENDS-ClassicalRadio
ClassicaL: Ambiance Classique,http://listen.radionomy.com/Ambiance-classique
ClassicaL: Classical Music America,http://streaming.radionomy.com/Classicalmusicamericacom
ClassicaL: Classical Ways,http://listen.radionomy.com/classicalways
ClassicaL: Pure Classic Ireland,http://206.217.201.136:8036
ClassicaL: Smooth Riviera,http://streaming.radionomy.com/SMOOTH-RIVIERA
ClassicaL: Venice Classic Radio Italia,http://109.123.116.202:8010/stream
ClassicaL: WKSU 3 Classical,http://66.225.205.8:8030
CountrY: 1071 WNIH,http://listen.radionomy.com/1071WNIH
CountrY: A Better Country Station,http://streaming.radionomy.com/a-better-country-station
CountrY: A Country Dream,http://streaming.radionomy.com/ACOUNTRYDREAM-Western24H
CountrY: A1 Country,http://streaming.radionomy.com/A1Country-AllAmericanCountryRadio
CountrY: Abacus FM Country,http://streaming.radionomy.com/AbacusfmCountry
CountrY: Absolutely Country Hits Radio,http://185.33.22.15:7800
CountrY: Always Country,http://208.85.240.89:80
CountrY: Big R Radio - Country Gold,http://107.155.126.42:8230
CountrY: Nashville Edge,http://streaming.radionomy.com/NashvilleEdge
CountrY: The Buffalo,http://listen.radionomy.com/The-Buffalo
ElectroniC: 100 DJAY,http://streaming.radionomy.com/100-DJAY
ElectroniC: Air Lounge,http://streaming.radionomy.com/air-lounge
ElectroniC: Ambient Sleeping Pill,http://50.7.96.138:8530/stream
ElectroniC: Chill One,http://streaming.radionomy.com/CHILL-ONE
ElectroniC: Electric FM,http://streaming.streamonomy.com/ElectricFM
ElectroniC: Ibiza Global Radio,http://37.59.254.25:8024
ElectroniC: Radio MyMe,http://streaming.radionomy.com/radiomyme-tv
ElectroniC: Radio Seven,http://188.65.152.205:80
ElectroniC: Radio Staart,http://listen.radionomy.com/RADIOSTAART
ElectroniC: Top Club,http://listen.radionomy.com/TopClub
HitS: 1 Beats,http://streaming.radionomy.com/-1Beats
HitS: 1 Hits,http://streaming.radionomy.com/-1Hits
HitS: 100 Hit Radio,http://streaming.radionomy.com/100-HIT-radio
HitS: American Top40,http://listen.radionomy.com/AMERICANTOP40
HitS: ANTENNE BAYERN Top 40,http://mp3channels.webradio.antenne.de:80/top-40
HitS: Hits and Beats,http://streaming.radionomy.com/HitsandBeats
HitS: Hot40 Music,http://listen.radionomy.com/Hot40Music
HitS: NJOY HIT40,http://listen.radionomy.com/njoyhit40
HitS: Our World Pop,http://streaming.radionomy.com/OurWorld-Pop
HitS: Yes! 91.2,http://46.4.65.194:8039
JazZ: 4U Smooth Jazz,http://streaming.radionomy.com/4u-smooth-jazz
JazZ: A Jazz Dream,http://streaming.radionomy.com/AJAZZDREAM-Classic-NewJazz24H
JazZ: Abaco Libros Y Cafe Radio,http://listen.radionomy.com/-BACO-LIBROS-Y-CAF--RADIO
JazZ: Audiophile Jazz,http://50.7.173.162:8014
JazZ: Bay Smooth Jazz Radio,http://185.33.22.15:9010
JazZ: Best of Jazz,http://streaming.radionomy.com/BestofJazz-LudwigRadiocom
JazZ: Dinner Jazz Excursion,http://64.78.234.165:8240
JazZ: Jazz 4 Ever,http://streaming.radionomy.com/Jazz4ever
JazZ: Jazz Lovers,http://streaming.radionomy.com/jazzlovers
JazZ: The Jazz Groove,http://199.180.72.2:8015
ListeneR: AI-Radio,http://ai-radio.org/128.ogg
ListeneR: C89.5 FM,http://208.76.152.74:8000
ListeneR: CHIRP Radio,http://chirpradio.org/stream
ListeneR: Heartland Public Radio - Bluegrass Gospel,http://50.7.77.179:8024/
ListeneR: Heartland Public Radio - Today's Classic Country,http://50.7.77.179:8022/
ListeneR: Heartland Public Radio - Traditional Classic Country,http://50.7.70.58:8708/
ListeneR: KING FM,http://icy2.abacast.com:80/king-kingmp3-96
ListeneR: KPFA,http://streams1.kpfa.org:8000/kpfa_64
ListeneR: KALX Radio,http://icecast.media.berkeley.edu:8000/kalx-128.mp3
ListeneR: Minnesota Public Radio,http://current.stream.publicradio.org/kcmp.mp3
ListeneR: NOFM,http://gal.bitsyu.net:8000/
ListeneR: Radio Paradise,http://stream-tx4.radioparadise.com:80/mp3-128
ListeneR: Radio Velvet,http://212.37.80.142:8814/
ListeneR: 90.5 WBER,http://wber-ice-encoder.monroe.edu:80/wber-high.mp3
ListeneR: WDCB,http://wdcb-ice.streamguys.org:80/wdcb128
ListeneR: WEVL 89.9,http://peace.str3am.com:6030/
ListeneR: Community Radio WERU 89.9 FM,http://stream.weru.org:80/weru-high.mp3
ListeneR: WFMU Freeform Radio,http://stream0.wfmu.org/freeform-128k
ListeneR: WNCU Public Radio,http://pubint.ic.llnwd.net/stream/pubint_wncu
ListeneR: WNRN-FM,http://broadcast.wnrn.org:8000/wnrn.mp3
ListeneR: WNYC 93.9 FM,http://fm939.wnyc.org/wnycfm
ListeneR: WQXR New York,http://stream.wqxr.org/wqxr
ListeneR: WSGE FM,http://amber.streamguys.com:4890/live
ListeneR: WWOZ,http://50.31.135.43:80/wwoz-hi.mp3
ListeneR: Xenicus Radio,http://192.99.35.93:6744/stream
MetaL: 4U Hard FM,http://streaming.radionomy.com/4U-Hard-FM
MetaL: Crucial Velocity Radio,http://streaming.radionomy.com/CrucialVelocityRadio
MetaL: DTHM,http://listen.radionomy.com/Death-Thrash--Heavy-Metal
MetaL: Goth'N'Metal,http://listen.radionomy.com/Goth-N-Metal
MetaL: Hook 'em Horns,http://streaming.radionomy.com/Hook-emHorns
MetaL: idobi Howl,http://69.46.88.27:80
MetaL: Metal Only,http://178.77.127.105:4400
MetaL: Metal Shop,http://streaming.radionomy.com/METALSHOP
MetaL: Sign of the Horns,http://streaming.radionomy.com/SignOfTheHorns
MetaL: STAR FM From Hell,http://80.237.153.93:7000
NewS: Air Progressive,http://airprogressive.org:8000/stream
NewS: BBC,http://bbcwssc.ic.llnwd.net/stream/bbcwssc_mp1_ws-einws
NewS: CBC,http://3153.live.streamtheworld.com:80/CBC_R1_MCT_L_SC
NewS: GLT News & Ideas,http://wgltradio.ilstu.edu:8000/wgltmain.mp3
NewS: NPR,http://nprdmp-live01-mp3.akacast.akamaistream.net/7/998/364916/v1/npr.akacast.akamaistream.net/nprdmp_live01_mp3
NewS: Newstalk 106-108,http://vice02.iad.xpc-mii.net:80/communicorp/Newstalk_high
NewS: RFI,http://stream.rfi.fr/2588/rfi_en_anglais/rfianglais.mp3
NewS: Sputnik,http://audio1.video.ria.ru:80/voiceeng
NewS: The Source,http://stream.wmnf.org:8000/wmnf_hd3
NewS: WKSU News,http://66.225.205.8:8020
OldieS: A Better Oldies Station,http://streaming.radionomy.com/a-better-oldies-station
OldieS: ANTENNE BAYERN Oldies but Goldies,http://mp3channels.webradio.antenne.de:80/oldies-but-goldies
OldieS: E.P. Express Radio,http://37.187.79.56:9246
OldieS: Flower Power Radio,http://50.7.129.122:8433
OldieS: Gold Star Radio,http://listen.radionomy.com/Gold-Star-Radio
OldieS: Golden 50s-70s Hits,http://streaming.radionomy.com/golden-50-70s-hits
OldieS: Motown Classics,http://streaming.radionomy.com/motown-classics
OldieS: Radio Nostalgia,http://streaming.radionomy.com/Radio-Nostalgia
OldieS: Rewound Radio,http://71.125.37.66:8000
OldieS: True Oldies,http://streaming.streamonomy.com/trueoldies
ReggaE: A Better Smokin Reggae Roots Station,http://streaming.radionomy.com/A-Better-Smokin-Reggae-Roots-Station
ReggaE: A Reggae Dream,http://streaming.radionomy.com/AREGGAEDREAM-Rasta24H
ReggaE: A2R Reggae,http://streaming.radionomy.com/A2R-Reggae
ReggaE: Bob Marley & Co,http://streaming.radionomy.com/A1ONEBOBMARLEYANDCO
ReggaE: Caribbean Vibes Radio,http://streaming.streamonomy.com/CaribbeanVibesRadio
ReggaE: Jamaican Roots Radio,http://listen.radionomy.com/jamaican-roots-radio
ReggaE: Joint Radio,http://72.9.152.111:9998
ReggaE: One Hundread Locks,http://listen.radionomy.com/One-Hundread-Locks
ReggaE: Reggae Rasta & Roots,http://192.152.23.243:8470
ReggaE: Radio Fly Foot Selecta,http://listen.radionomy.com:80/radio-fly-ReggaEt-selecta
RocK: 1 Classic Rock,http://streaming.radionomy.com/-1ClassicRock
RocK: 100 Energy,http://streaming.radionomy.com/100-Energy-RIWCLASSICROCKCHANNEL
RocK: 104 Classic Rock,http://173.193.14.166:80
RocK: 1055 ROCK,http://85.17.121.228:8078
RocK: A Better Alternative X-RockStation,http://listen.radionomy.com/a-better-alternative-x-rock-station
RocK: A Better Classic Rock Station,http://streaming.radionomy.com/a-better-classic-rock-station
RocK: Casey's Classic Rock,http://streaming.radionomy.com/Caseys-Classic-Rock
RocK: Classic Deep Cuts,http://208.85.240.10:8134
RocK: Classic Rock 109,http://174.36.237.118:10042
RocK: Classic Underground Radio,http://listen.radionomy.com/3WKCOMClassicUndergroundradio
RocK: Deep Jams Radio,http://74.50.122.103:9748
RocK: Elium Rock,http://listen.radionomy.com/Elium-Rock
RocK: Peace Radio,http://listen.radionomy.com/Peace-Radio
RocK: pinkfloydteguz,http://listen.radionomy.com/pinkfloydteguz
RocK: ROCK ANTENNE,http://mp3channels.webradio.antenne.de:80/rockantenne
RocK: VW Classic Rock,http://streaming.radionomy.com/VWClassicRock
SomA: 7 Inch Soul,http://ice.somafm.com/7soul
SomA: BAGeL Radio,http://ice.somafm.com/bagel
SomA: Beat Blender,http://ice.somafm.com/beatblender
SomA: Black Rock FM,http://ice.somafm.com/brfm
SomA: Boot Liquor,http://ice.somafm.com/bootliquor
SomA: Cliqhop idm,http://ice.somafm.com/cliqhop
SomA: Covers,http://ice.somafm.com/covers
SomA: DEF CON Radio,http://ice.somafm.com/defcon
SomA: Deep Space One,http://ice.somafm.com/deepspaceone
SomA: Digitalis,http://ice.somafm.com/digitalis
SomA: Doomed,http://ice.somafm.com/doomed
SomA: Drone Zone,http://ice.somafm.com/dronezone
SomA: Dub Step Beyond,http://ice.somafm.com/dubstep
SomA: Earwaves,http://ice.somafm.com/earwaves
SomA: Fluid,http://ice.somafm.com/fluid
SomA: Folk Forward,http://ice.somafm.com/folkfwd
SomA: Groove Salad,http://ice.somafm.com/groovesalad
SomA: Illinois Street Lounge,http://ice.somafm.com/illstreet
SomA: Indie Pop Rocks,http://ice.somafm.com/indiepop
SomA: Left Coast 70s,http://ice.somafm.com/seventies
SomA: Lush,http://ice.somafm.com/lush
SomA: Mission Control,http://ice.somafm.com/missioncontrol
SomA: PopTron,http://ice.somafm.com/poptron
SomA: SF 10â€“33,http://ice.somafm.com/sf1033
SomA: Secret Agent,http://ice.somafm.com/secretagent
SomA: Sonic Universe,http://ice.somafm.com/sonicuniverse
SomA: Space Station Soma,http://ice.somafm.com/spacestation
SomA: Suburbs of Goa,http://ice.somafm.com/suburbsofgoa
SomA: The Trip,http://ice.somafm.com/thetrip
SomA: ThistleRadio,http://ice.somafm.com/thistle
SomA: Underground 80s,http://ice.somafm.com/u80s
UrbaN: 1 Soul,http://streaming.radionomy.com/-1Soul
UrbaN: 2000s R'n'B,http://streaming.radionomy.com/2000s-RnB
UrbaN: A Better Old School Classic Rap Station,http://streaming.radionomy.com/a-better-old-school-classic-rap-station
UrbaN: A Better Slow Jams Station,http://streaming.radionomy.com/a-better-slow-jams-station
UrbaN: Classic Rap,http://streaming.radionomy.com/Classic-Rap
UrbaN: DooWop FM,http://streaming.radionomy.com/DooWopFM
UrbaN: Hip-Hop Request,http://streaming.radionomy.com/Hip-HopRequest
UrbaN: One Love Hip-Hop Radio,http://streaming.radionomy.com/One-love-Hip-Hop-Radio
UrbaN: R'n'B Cream,http://streaming.radionomy.com/_rb_cream
UrbaN: West Coast Classics,http://streaming.radionomy.com/WestCoastClassics
